Name,Country,Report
"Akintayo, Akinbowale",United Kingdom,[Report (PDF)](reports/atRium_report_Akintayo.pdf)
"Brunello, Marco",United Kingdom,[Report (PDF)](reports/atRium_report_Brunello.pdf)
"Carrero-Pazos, Miguel",Spain,[Report (PDF)](reports/atRium_report_Carrero-Pazos.pdf)
"Carrillo, Valeria",United Kingdom,[Report (PDF)](reports/atRium_report_Carrillo.pdf)
"Galazzo, Daniela",Egypt ,[Report (PDF)](reports/atRium_report_Galazzo.pdf)
"Garzón Rodríguez, Judit",Germany,[Report (PDF)](reports/atRium_report_GarzonRodriguez.pdf)
"Gavra, Paraskevi",Germany,[Report (PDF)](reports/atRium_report_Gavra.pdf)
"Gyurka, Orsolya",Hungary,[Report (PDF)](reports/atRium_report_Gyurka.pdf)
"Hladíková, Katarína",Slovakia,[Report (PDF)](reports/atRium_report_Hladikova.pdf)
"Hrytsiuta, Oksana",Ukraine,[Report (PDF)](reports/atRium_report_Hrytsiuta.pdf)
"Kanyingi, John",Kenya,[Report (PDF)](reports/atRium_report_Kanyingi.pdf)
"Michalopoulou, Areti",Germany,[Report (PDF)](reports/atRium_report_Michalopoulou.pdf)
"Mosha, Martha",Germany,[Report (PDF)](reports/atRium_report_Mosha.pdf)
"Myat, Yin Min",Italy,[Report (PDF)](reports/atRium_report_Myat.pdf)
"Resuloglu, Emre",Germany,[Report (PDF)](reports/atRium_report_Resuloglu.pdf)
"Ritterová, Barbara",Slovakia,[Report (PDF)](reports/atRium_report_Ritterova.pdf)
"Sotomayor Chicote, Maria",Germany,[Report (PDF)](reports/atRium_report_Sotomayor.pdf)
"Staszkiewicz, Paulina",Poland,[Report (PDF)](reports/atRium_report_Staszkiewicz.pdf)
